{"stats":{"minecraft:picked_up":{"minecraft:crafting_table":4,"minecraft:feather":5,"minecraft:chicken":6,"minecraft:leather":13,"minecraft:oak_stairs":6,"minecraft:oak_log":25,"minecraft:brewing_stand":1,"minecraft:dirt":138,"minecraft:raw_copper":3,"minecraft:wheat_seeds":3,"minecraft:beef":22,"minecraft:oak_boat":2,"minecraft:sugar_cane":5,"minecraft:oak_planks":9,"minecraft:furnace":1,"minecraft:porkchop":22,"minecraft:sand":41,"minecraft:cherry_log":1,"minecraft:white_bed":3,"minecraft:rotten_flesh":2,"biomesoplenty:jacaranda_log":27,"minecraft:hay_block":10,"minecraft:mutton":6,"minecraft:cobblestone":160,"minecraft:coal":23,"minecraft:white_wool":4},"minecraft:custom":{"minecraft:interact_with_furnace":9,"minecraft:mob_kills":26,"tombstone:raider_killed":1,"minecraft:interact_with_crafting_table":15,"minecraft:leave_game":8,"minecraft:time_since_death":6661,"minecraft:sleep_in_bed":4,"minecraft:climb_one_cm":668,"minecraft:time_since_rest":4236,"minecraft:sprint_one_cm":140914,"minecraft:damage_taken":400,"minecraft:walk_one_cm":95081,"minecraft:drop":2,"minecraft:damage_dealt":2110,"minecraft:swim_one_cm":5047,"minecraft:fly_one_cm":142226,"minecraft:open_chest":2,"minecraft:crouch_one_cm":384,"minecraft:play_time":37614,"tombstone:undead_killed":1,"minecraft:deaths":1,"minecraft:sneak_time":134,"minecraft:walk_under_water_one_cm":114,"minecraft:boat_one_cm":46233,"minecraft:interact_with_brewingstand":1,"minecraft:jump":681,"minecraft:walk_on_water_one_cm":6066,"minecraft:total_world_time":37614,"minecraft:fall_one_cm":14014},"minecraft:used":{"minecraft:cooked_mutton":6,"minecraft:stone_sword":53,"minecraft:stone_pickaxe":182,"minecraft:stone_shovel":135,"minecraft:oak_planks":65,"minecraft:wooden_pickaxe":5,"minecraft:torch":3,"minecraft:dirt":25,"minecraft:crafting_table":5,"minecraft:white_bed":3,"minecraft:oak_stairs":15,"minecraft:stone_axe":85,"minecraft:pufferfish_bucket":1,"minecraft:furnace":3,"minecraft:cooked_porkchop":2,"minecraft:oak_boat":2},"minecraft:crafted":{"minecraft:oak_planks":100,"minecraft:stone_shovel":1,"minecraft:cooked_porkchop":2,"minecraft:crafting_table":1,"minecraft:wooden_pickaxe":1,"minecraft:furnace":2,"minecraft:stone_axe":1,"minecraft:bread":30,"minecraft:cooked_mutton":6,"minecraft:air":0,"minecraft:oak_boat":1,"minecraft:stick":12,"minecraft:stone_pickaxe":2,"minecraft:oak_stairs":12,"minecraft:stone_sword":1,"minecraft:white_bed":1,"minecraft:torch":4,"minecraft:wheat":90},"minecraft:broken":{"minecraft:stone_pickaxe":1,"minecraft:stone_shovel":1},"minecraft:killed":{"minecraft:pig":4,"minecraft:sheep":4,"minecraft:zombie":1,"minecraft:chicken":6,"minecraft:cow":11},"minecraft:mined":{"biomesoplenty:jacaranda_leaves":3,"biomesoplenty:watergrass":3,"minecraft:white_bed":3,"minecraft:cherry_log":1,"minecraft:brewing_stand":1,"minecraft:crafting_table":4,"minecraft:grass_block":14,"minecraft:tall_grass":6,"minecraft:copper_ore":1,"minecraft:sugar_cane":2,"minecraft:oak_planks":9,"minecraft:hay_block":10,"biomesoplenty:jacaranda_log":27,"minecraft:furnace":1,"biomesoplenty:lavender":1,"minecraft:birch_leaves":1,"minecraft:grass":21,"minecraft:oak_log":25,"minecraft:coal_ore":16,"minecraft:dirt_path":52,"minecraft:oak_stairs":6,"minecraft:cherry_leaves":1,"minecraft:dirt":73,"minecraft:sand":41,"minecraft:stone":168,"minecraft:oak_leaves":3,"biomesoplenty:reed":1},"minecraft:dropped":{"minecraft:wheat_seeds":1,"minecraft:wooden_pickaxe":1}},"DataVersion":3465}