{"stats":{"minecraft:picked_up":{"minecraft:crafting_table":7,"minecraft:gold_block":1,"minecraft:oak_log":11,"minecraft:string":6,"minecraft:dirt":4,"minecraft:raw_copper":3,"minecraft:bone":1,"minecraft:furnace":3,"minecraft:raw_iron":38,"sophisticatedbackpacks:iron_backpack":1,"minecraft:diorite":3,"minecraft:spider_eye":2,"minecraft:arrow":2,"minecraft:rotten_flesh":14,"minecraft:hay_block":35,"minecraft:granite":2,"tombstone:magic_scroll":1,"minecraft:oak_sapling":1,"minecraft:coal":84,"minecraft:cobblestone":44},"minecraft:custom":{"minecraft:interact_with_furnace":24,"minecraft:mob_kills":11,"minecraft:interact_with_crafting_table":14,"minecraft:damage_dealt_resisted":401,"minecraft:leave_game":6,"minecraft:time_since_death":38240,"minecraft:sleep_in_bed":2,"minecraft:time_since_rest":3241,"minecraft:sprint_one_cm":101589,"minecraft:damage_taken":1400,"minecraft:walk_one_cm":73692,"minecraft:damage_blocked_by_shield":1170,"minecraft:drop":35,"minecraft:damage_dealt":2090,"minecraft:swim_one_cm":4580,"minecraft:fly_one_cm":103985,"minecraft:open_chest":2,"minecraft:crouch_one_cm":6878,"minecraft:play_time":38240,"tombstone:undead_killed":7,"minecraft:sneak_time":2846,"minecraft:walk_under_water_one_cm":234,"minecraft:jump":702,"minecraft:walk_on_water_one_cm":733,"minecraft:total_world_time":38240,"minecraft:fall_one_cm":19389},"minecraft:used":{"minecraft:stone_pickaxe":64,"minecraft:shield":17,"minecraft:wooden_pickaxe":18,"minecraft:dirt":4,"minecraft:crafting_table":5,"minecraft:iron_axe":1,"minecraft:bread":31,"minecraft:iron_pickaxe":50,"minecraft:stone_axe":53,"minecraft:cobblestone":24,"minecraft:oak_sapling":1,"minecraft:furnace":3,"minecraft:bucket":1},"minecraft:crafted":{"minecraft:oak_planks":44,"minecraft:crafting_table":1,"minecraft:wooden_pickaxe":1,"minecraft:iron_helmet":1,"minecraft:iron_sword":1,"minecraft:furnace":1,"minecraft:bucket":1,"minecraft:stone_axe":1,"minecraft:air":0,"minecraft:iron_boots":1,"minecraft:iron_chestplate":1,"minecraft:shield":1,"minecraft:iron_axe":1,"minecraft:stick":16,"minecraft:iron_ingot":38,"minecraft:iron_pickaxe":1,"minecraft:stone_pickaxe":1,"minecraft:iron_shovel":1,"minecraft:iron_leggings":1},"minecraft:killed":{"minecraft:spider":3,"minecraft:zombie":7},"minecraft:mined":{"minecraft:crafting_table":5,"minecraft:granite":1,"minecraft:grass_block":2,"minecraft:cobblestone":4,"minecraft:diorite":6,"minecraft:hay_block":35,"minecraft:furnace":3,"minecraft:iron_ore":38,"minecraft:gold_block":1,"minecraft:oak_log":11,"minecraft:coal_ore":43,"minecraft:dirt_path":1,"minecraft:dirt":1,"minecraft:stone":36,"minecraft:oak_leaves":5},"minecraft:dropped":{"minecraft:stone_axe":1,"minecraft:raw_copper":3,"minecraft:crafting_table":2,"minecraft:cobblestone":6,"minecraft:rotten_flesh":12,"minecraft:granite":2,"minecraft:diorite":3,"minecraft:spider_eye":2,"minecraft:arrow":2,"minecraft:wooden_pickaxe":1,"minecraft:stone_pickaxe":1,"minecraft:string":4,"minecraft:bone":1}},"DataVersion":3465}